name	url	last commit date	commit hash	tree-sitter.json	grammar dir	abi	parser.c	grammar.json	external scanner
abnf	https://github.com/jmitchell/tree-sitter-abnf	2019-02-22	f68bb6e3cfcc2a3eebf11f47e27efffb128c001f	no	.	9	yes	yes	no
ada	https://github.com/TamaMcGlinn/tree-sitter-ada	2022-06-25	11b6ab9afaae072d38211b5ac2a438467b0137e3	no	.	13	yes	yes	no
ada	https://github.com/briot/tree-sitter-ada	2024-05-23	e8e2515465cc2d7c444498e68bdb9f1d86767f95	no	.	14	yes	yes	no
agda	https://github.com/tree-sitter/tree-sitter-agda	2024-11-11	b9b32fa042c2952a7bfca86847ea325e44ccc897	yes	.	14	yes	yes	c
angular	https://github.com/steelsojka/tree-sitter-angular	2020-12-17	624ff108fe949727217cddb302f20e4f16997b1c	no	.	11	yes	yes	no
angular	https://github.com/dlvandenberg/tree-sitter-angular	2025-06-03	820566bb4eb3d288822dbfee42417a5a9491aea6	yes	.	15	yes	yes	c
apex	https://github.com/Ziemniakoss/tree-sitter-apex	2022-04-16	d8d76edfcbc3c86485a246acfccbdc725d133b48	no	.	13	yes	yes	no
apex	https://github.com/jsuarez-chipiron/tree-sitter-apex	2023-05-12	8861b02a3dde407d6755cb19f400d101936ce3fd	no	.	13	yes	yes	no
apex	https://github.com/aheber/tree-sitter-sfapex	2025-02-12	3597575a429766dd7ecce9f5bb97f6fec4419d5d	yes	./apex	14	yes	yes	no
arduino	https://github.com/tree-sitter-grammars/tree-sitter-arduino	2024-11-19	017696bdf47ca2b10948c5a511f9ab387722d0f3	yes	.	14	yes	yes	c
asciidoc	https://github.com/cathaysia/tree-sitter-asciidoc	2025-04-29	5b6ccea9953b939959f447f7bfea699ae6968a99	no	./tree-sitter-asciidoc	14	yes	yes	c
asciidoc_inline	https://github.com/cathaysia/tree-sitter-asciidoc	2025-04-29	5b6ccea9953b939959f447f7bfea699ae6968a99	no	./tree-sitter-asciidoc_inline	14	yes	yes	c
asm	https://github.com/rush-rs/tree-sitter-asm	2025-03-09	04962e15f6b464cf1d75eada59506dc25090e186	yes	.	14	yes	yes	no
astro	https://github.com/virchau13/tree-sitter-astro	2025-04-19	213f6e6973d9b456c6e50e86f19f66877e7ef0ee	no	.	14	yes	yes	c
authzed	https://github.com/mleonidas/tree-sitter-authzed	2023-10-06	1dec7e1af96c56924e3322cd85fdce15d0a31d00	no	.	14	yes	yes	no
awk	https://github.com/Beaglefoot/tree-sitter-awk	2024-11-02	34bbdc7cce8e803096f47b625979e34c1be38127	no	.	14	yes	yes	c
bash	https://github.com/tree-sitter/tree-sitter-bash	2025-06-04	56b54c61fb48bce0c63e3dfa2240b5d274384763	yes	.	15	yes	yes	c
bass	https://github.com/vito/tree-sitter-bass	2024-05-03	28dc7059722be090d04cd751aed915b2fee2f89a	no	.	14	yes	yes	no
bazelrc	https://github.com/zaucy/tree-sitter-bazelrc	2024-04-01	3cea80b67f53178518e2c5f5011b51a4f8f6c0a5	no	.	14	yes	yes	no
beancount	https://github.com/zwpaper/tree-sitter-beancount	2022-03-01	c184999166c75edefef0936ff7e533698403d016	no	.	13	yes	yes	no
beancount	https://github.com/polarmutex/tree-sitter-beancount	2024-10-28	9bc460a05b5f096d69568b5fb36105032ff4ff97	no	.	14	yes	yes	c
beancount	https://github.com/yagebu/tree-sitter-beancount	2025-06-05	f313e125806662fd8dbee2ff8d6f31014a246ac0	yes	.	15	yes	yes	no
biber	https://github.com/Aerijo/tree-sitter-biber	2019-10-24	d9338a598c0473572c6e48b20aead8955447bd95	no	.	10	yes	yes	no
bibtex	https://github.com/latex-lsp/tree-sitter-bibtex	2025-04-19	8d04ed27b3bc7929f14b7df9236797dab9f3fa66	yes	.	15	yes	yes	no
bicep	https://github.com/tree-sitter-grammars/tree-sitter-bicep	2024-12-21	bff59884307c0ab009bd5e81afd9324b46a6c0f9	yes	.	14	yes	yes	c
bison	https://gitlab.com/btuin2/tree-sitter-bison	2024-01-13	0681f9d1d21bbccdc44ab5241426409b4313f9b5	no	.	14	yes	yes	c
bitbake	https://github.com/tree-sitter-grammars/tree-sitter-bitbake	2024-04-27	a5d04fdb5a69a02b8fa8eb5525a60dfb5309b73b	no	.	14	yes	yes	c
blade	https://github.com/EmranMR/tree-sitter-blade	2025-04-19	fbe5f81b54f0f6153961824ce306ffc805134980	yes	.	15	yes	yes	no
blueprint	https://gitlab.com/gabmus/tree-sitter-blueprint.git	2024-04-28	60ba73739c6083c693d86a1a7cf039c07eb4ed59	no	.	14	yes	yes	no
bp	https://github.com/ambroisie/tree-sitter-bp	2025-04-02	ee641d15390183d7535777947ce0f2f1fbcee69f	yes	.	15	yes	yes	no
brightscript	https://github.com/ajdelcimmuto/tree-sitter-brightscript	2025-04-11	48ce1687125c6dfefcc7a1bef19fa0f0f00426cc	no	.	14	yes	yes	no
c	https://github.com/tree-sitter/tree-sitter-c	2025-05-24	7fa1be1b694b6e763686793d97da01f36a0e5c12	yes	.	15	yes	yes	no
c3	https://github.com/zweimach/tree-sitter-c3	2024-02-17	20211339830745a9bce045587c84449c20dea202	no	.	14	yes	yes	no
c3	https://github.com/c3lang/tree-sitter-c3	2025-05-28	6eb8acc275961d137b4b4dd7fe84a19a0680c893	yes	.	14	yes	yes	c
c_sharp	https://github.com/tree-sitter/tree-sitter-c-sharp	2025-02-14	b5eb5742f6a7e9438bee22ce8026d6b927be2cd7	yes	.	14	yes	yes	c
caddy	https://github.com/opa-oz/tree-sitter-caddy	2025-01-26	2686186edb61be47960431c93a204fb249681360	yes	.	14	yes	yes	c
cairo	https://github.com/JoranHonig/tree-sitter-cairo	2022-12-14	127f38a6c03d009ccf5798cf0eaad7d5df982445	no	.	14	yes	yes	no
cairo	https://github.com/tree-sitter-grammars/tree-sitter-cairo	2024-04-27	6238f609bea233040fe927858156dee5515a0745	no	.	14	yes	yes	c
capnp	https://github.com/tree-sitter-grammars/tree-sitter-capnp	2024-04-20	7b0883c03e5edd34ef7bcf703194204299d7099f	no	.	14	yes	yes	no
carp	https://github.com/GrayJack/tree-sitter-carp	2020-05-27	9a94e937187c3571595d3d2841a51fd12586bf89	no	.	11	yes	yes	c
cedar	https://github.com/chrnorm/tree-sitter-cedar	2024-07-03	5092204de4521a8d5a71bbf14adf2e1ded45b723	no	.	14	yes	yes	no
cel	https://github.com/bufbuild/tree-sitter-cel	2024-02-13	df0585025e6f50cdb07347f5009ae3f47c652890	no	.	14	yes	yes	no
cfengine	https://github.com/olehermanse/tree-sitter-cfengine	2025-06-03	331160d1ce5e1ccc5c702c3b298c01eedcf166f1	yes	.	14	yes	yes	no
chatito	https://github.com/tree-sitter-grammars/tree-sitter-chatito	2024-11-23	b4cbe9ab7672d5106e9550d8413835395a1be362	yes	.	14	yes	yes	no
chatl	https://github.com/tree-sitter-grammars/tree-sitter-chatito	2024-11-23	b4cbe9ab7672d5106e9550d8413835395a1be362	yes	./extensions/chatl	14	yes	yes	no
circom	https://github.com/Decurity/tree-sitter-circom	2024-09-09	02150524228b1e6afef96949f2d6b7cc0aaf999e	no	.	14	yes	yes	no
clojure	https://github.com/Tavistock/tree-sitter-clojure	2018-10-28	9f3a38ac7ca91102f1a024eec34ca363d450db78	no	.	9	yes	yes	no
clojure	https://github.com/sogaiu/tree-sitter-clojure	2025-05-26	40c5fc2e2a0f511a802a82002553c5de00feeaf4	no	.	14	yes	yes	no
cmake	https://github.com/uyha/tree-sitter-cmake	2025-05-23	cf9799600b2ba5e6620fdabddec3b2db8306bc46	yes	.	14	yes	yes	c
cobol	https://github.com/Neppord/tree-sitter-cobol	2020-07-06	52944017f04362633baed93a62d068866641fdd0	no	.	-	no	no	no
cobol	https://github.com/yutaro-sakamoto/tree-sitter-cobol	2024-12-17	e99dbdc3d800d5fa2796476efd60af91f6b43d93	no	.	14	yes	yes	c
comment	https://github.com/stsewd/tree-sitter-comment	2025-05-03	689be73775bd2dd57b938b8e12bf50fec35a6ca3	yes	.	15	yes	yes	c
commonlisp	https://github.com/theHamsta/tree-sitter-commonlisp	2025-03-16	32323509b3d9fe96607d151c2da2c9009eb13a2f	yes	.	14	yes	yes	no
context	https://github.com/pmazaitis/tree-sitter-context_en	2024-08-13	7ee6e0024056ec759769de480890d7f22da926f9	no	.	14	yes	yes	c
cooklang	https://github.com/addcninblue/tree-sitter-cooklang	2024-05-03	4ebe237c1cf64cf3826fc249e9ec0988fe07e58e	no	.	14	yes	yes	c
core_schema	https://github.com/tree-sitter-grammars/tree-sitter-yaml	2025-05-28	3431ec21da1dde751bab55520963cf3a4f1121f3	yes	./schema/core	14	yes	yes	no
corn	https://github.com/jakestanger/tree-sitter-corn	2024-06-16	464654742cbfd3a3de560aba120998f1d5dfa844	no	.	14	yes	yes	no
cpon	https://github.com/tree-sitter-grammars/tree-sitter-cpon	2024-04-20	594289eadfec719198e560f9d7fd243c4db678d5	no	.	14	yes	yes	no
cpp	https://github.com/tree-sitter/tree-sitter-cpp	2025-05-10	56455f4245baf4ea4e0881c5169de69d7edd5ae7	yes	.	14	yes	yes	c
cql	https://github.com/shotover/tree-sitter-cql	2024-05-09	d3abd9ff1f4f449c18381c6d87c5becb7b2b5762	no	.	14	yes	yes	no
cql	https://github.com/ricomariani/tree-sitter-cgsql	2025-03-08	a52fd004e5977b886b931a54b1bdcbd91101d862	yes	.	-	no	no	no
crystal	https://github.com/will/tree-sitter-crystal	2021-09-02	15597b307b18028b04d288561f9c29794621562b	no	.	13	yes	yes	no
crystal	https://github.com/keidax/tree-sitter-crystal	2024-12-22	51ad1411de9414b4600227553bb70953c352a627	yes	.	14	yes	yes	c
css	https://github.com/tree-sitter/tree-sitter-css	2025-01-30	6e327db434fec0ee90f006697782e43ec855adf5	yes	.	14	yes	yes	c
csv	https://github.com/tree-sitter-grammars/tree-sitter-csv	2024-04-27	7eb7297823605392d2bbcc4c09b1cd18d6fa9529	no	./csv	14	yes	yes	no
cuda	https://github.com/theHamsta/tree-sitter-cuda	2025-03-16	014628ae8d2df391b88ddb9fa0260fd97f770829	yes	.	14	yes	yes	c
cue	https://github.com/eonpatapon/tree-sitter-cue	2025-02-03	770737bcff2c4aa3f624d439e32b07dbb07102d3	yes	.	14	yes	yes	c
cylc	https://github.com/elliotfontaine/tree-sitter-cylc	2025-06-06	5517ecade85b1de85ed8e0cb742b81decc64183a	no	.	14	yes	yes	no
d	https://github.com/CyberShadow/tree-sitter-d	2021-07-18	c2fbf21bd3aa45495fe13247e040ad5815250032	no	.	-	no	no	cc
d	https://github.com/gdamore/tree-sitter-d	2024-09-21	45e5f1e9d6de2c68591bc8e5ec662cf18e950b4a	no	.	14	yes	yes	c
d2	https://github.com/pleshevskiy/tree-sitter-d2	2023-02-16	02af3938f1d1187482ed91a5bcff84cc0fce45d9	no	.	14	yes	yes	cc
dart	https://github.com/UserNobody14/tree-sitter-dart	2025-02-28	80e23c07b64494f7e21090bb3450223ef0b192f4	no	.	14	yes	yes	c
desktop	https://github.com/ValdezFOmar/tree-sitter-desktop	2025-06-08	35db988d318c0ddfb8445adec1fd006095e73d89	yes	.	15	yes	yes	no
devicetree	https://github.com/joelspadin/tree-sitter-devicetree	2025-02-24	6557729f4afaf01dec7481d4e5975515ea8f0edd	yes	.	14	yes	yes	no
dhall	https://github.com/jmitchell/tree-sitter-dhall	2019-03-02	69a9c9dae0f7c7165fdc703002dddb141cde0329	no	.	9	yes	yes	no
dhall	https://github.com/jbellerb/tree-sitter-dhall	2025-04-13	62013259b26ac210d5de1abf64cf1b047ef88000	yes	.	15	yes	yes	c
diff	https://github.com/vigoux/tree-sitter-diff	2020-09-29	53bd9a3cd6e40a64f59d13dc73754c5473a1e2df	no	.	12	yes	yes	no
diff	https://github.com/the-mikedavis/tree-sitter-diff	2025-01-05	e42b8def4f75633568f1aecfe01817bf15164928	no	.	14	yes	yes	no
disassembly	https://github.com/ColinKennedy/tree-sitter-disassembly	2023-12-02	0229c0211dba909c5d45129ac784a3f4d49c243a	no	.	14	yes	yes	c
djot	https://github.com/treeman/tree-sitter-djot	2025-02-28	eb31845d59b9ee8c1b2098e78e9ca72004bd1579	yes	.	14	yes	yes	c
dockerfile	https://github.com/camdencheek/tree-sitter-dockerfile	2025-01-12	971acdd908568b4531b0ba28a445bf0bb720aba5	yes	.	14	yes	yes	c
dot	https://github.com/rydesun/tree-sitter-dot	2022-08-25	9ab85550c896d8b294d9b9ca1e30698736f08cea	no	.	13	yes	yes	no
doxygen	https://github.com/tree-sitter-grammars/tree-sitter-doxygen	2024-06-09	ccd998f378c3f9345ea4eeb223f56d7b84d16687	no	.	14	yes	yes	c
dtd	https://github.com/tree-sitter-grammars/tree-sitter-xml	2025-06-03	87be254e12169240a0e0214dbee5e208df96fa75	yes	./dtd	14	yes	yes	c
earthfile	https://github.com/glehmann/tree-sitter-earthfile	2025-05-02	a37c5ee95ce401ca311c0ae1369d9cfb953e151d	yes	.	14	yes	yes	c
ebnf	https://github.com/RubixDev/ebnf	2023-02-06	8e635b0b723c620774dfb8abf382a7f531894b40	no	./crates/tree-sitter-ebnf	14	yes	yes	no
editorconfig	https://github.com/ValdezFOmar/tree-sitter-editorconfig	2025-06-01	4a00eb4b0e8fbf8f1594efa9b5b15386fbd7d563	yes	.	15	yes	yes	c
eds	https://github.com/uyha/tree-sitter-eds	2024-10-14	26d529e6cfecde391a03c21d1474eb51e0285805	yes	.	14	yes	yes	no
eex	https://github.com/connorlay/tree-sitter-eex	2022-01-12	f742f2fe327463335e8671a87c0b9b396905d1d1	no	.	13	yes	yes	no
elisp	https://github.com/tpeacock19/tree-sitter-elisp	2022-10-10	d0993592cb8c8ec85bad7aab1044a2fcb124e75b	no	.	13	yes	yes	no
elisp	https://github.com/Wilfred/tree-sitter-elisp	2024-06-18	12b547b470a4213dc63a20c7bd2db988d85c7693	no	.	14	yes	yes	no
elixir	https://github.com/elixir-lang/tree-sitter-elixir	2025-04-23	b848e63e9f2a68accff0332392f07582c046295a	yes	.	14	yes	yes	c
elm	https://github.com/elm-tooling/tree-sitter-elm	2025-05-04	6e3c6d51f13168f9d7794c8e8add7dfdd07d20b8	yes	.	15	yes	yes	c
elsa	https://github.com/glapa-grossklag/tree-sitter-elsa	2023-02-21	0a66b2b3f3c1915e67ad2ef9f7dbd2a84820d9d7	no	.	14	yes	yes	no
elvish	https://github.com/elves/tree-sitter-elvish	2023-07-17	5e7210d945425b77f82cbaebc5af4dd3e1ad40f5	no	.	14	yes	yes	no
email_address	https://gitlab.com/maxnordlund/tree-sitter-email	2018-12-28	6a6b1a15b5a18adbcba98b74f84e40bcf4d8728b	no	.	9	yes	yes	no
embedded_template	https://github.com/tree-sitter/tree-sitter-embedded-template	2025-01-25	8495d106154741e6d35d37064f864758ece75de6	yes	.	14	yes	yes	no
enforce	https://github.com/simonvic/tree-sitter-enforce	2025-03-29	36064bd71ce22e9a8c73b64b1a3448cc600a4312	yes	.	15	yes	yes	no
eno	https://github.com/eno-lang/tree-sitter-eno	2020-01-08	c059967d243487c1c2f567bd56c1d40c9a92dbe4	no	.	10	yes	yes	cc
erde	https://github.com/vhyrro/tree-sitter-erde	2023-01-18	b9574e6179261f9d2639d9f41951b9b592c39179	no	.	14	yes	yes	cc
erlang	https://github.com/the-mikedavis/tree-sitter-erlang	2025-02-05	33a3e4f1fa77a3e1a2736813f4b27c358f6c0b63	no	.	14	yes	yes	no
erlang	https://github.com/WhatsApp/tree-sitter-erlang	2025-04-08	067d66937c8eeb6651e349f400c1756c2ea90b2e	no	.	14	yes	yes	c
eventrule	https://github.com/3p3r/tree-sitter-eventrule	2025-06-06	b34288b37f4f6b27831d470dd15f021d6a23b5a9	no	.	-	no	no	no
facility	https://github.com/FacilityApi/tree-sitter-facility	2025-01-14	e4bfd3e960de9f4b4648acb1c92e9b95b47d8cfb	yes	.	14	yes	yes	no
faust	https://github.com/khiner/tree-sitter-faust	2024-02-22	f3b9274514b5f9bf6b0dd4a01c30f9cc15c58bc4	no	.	14	yes	yes	no
fennel	https://github.com/sogaiu/tree-sitter-fennel	2022-02-19	39dd5774534db65957a964d48d3c3953a3085d29	no	.	13	yes	yes	no
fennel	https://github.com/TravonteD/tree-sitter-fennel	2024-02-02	15e4f8c417281768db17080c4447297f8ff5343a	no	.	14	yes	yes	no
fennel	https://github.com/alexmozaidze/tree-sitter-fennel	2025-04-17	de06b9ad366f0186080056109a8c3be980129538	no	.	14	yes	yes	c
fidl	https://github.com/google/tree-sitter-fidl	2024-02-26	0a8910f293268e27ff554357c229ba172b0eaed2	no	.	14	yes	yes	no
firrtl	https://github.com/chipsalliance/tree-sitter-firrtl	2023-01-04	b2e55d97489a9d69a833519f95fd9fcc0a316855	no	.	-	no	no	cc
firrtl	https://github.com/tree-sitter-grammars/tree-sitter-firrtl	2024-04-20	8503d3a0fe0f9e427863cb0055699ff2d29ae5f5	no	.	14	yes	yes	c
fish	https://github.com/ram02z/tree-sitter-fish	2025-01-18	70640c0696abde32622afc43291a385681afbd32	no	.	14	yes	yes	c
fluentbit	https://github.com/sh-cho/tree-sitter-fluentbit	2025-06-03	2f6acb0574bf59654336dadc509b0bbaf417d087	no	.	14	yes	yes	no
foam	https://github.com/FoamScience/tree-sitter-foam	2024-11-10	f08bb76892b93e5b23c45ac3bd6b1eea5df323cc	yes	.	14	yes	yes	c
formula	https://github.com/siraben/tree-sitter-formula	2022-05-05	351159cf66f0e7f8d86fa06fc44ab3c2055082df	no	.	13	yes	yes	no
forth	https://github.com/AlexanderBrevig/tree-sitter-forth	2023-11-03	90189238385cf636b9ee99ce548b9e5b5e569d48	no	.	14	yes	yes	no
fortran	https://github.com/stadelmanma/tree-sitter-fortran	2025-05-30	ab9aa007a8d982a5a7926663a8ab989cea0f5d9e	yes	.	15	yes	yes	c
fsh	https://github.com/mgramigna/tree-sitter-fsh	2024-04-27	fad2e175099a45efbc98f000cc196d3674cc45e0	no	.	14	yes	yes	no
fsharp	https://github.com/baronfel/tree-sitter-fsharp	2023-02-13	66a5319aed0cf9a5f464f18f9b73274734d2ef29	no	.	13	yes	yes	no
fsharp	https://github.com/ionide/tree-sitter-fsharp	2025-05-17	f29605148f24199cf4d9c4a203a5debc0cbcc648	yes	./fsharp	14	yes	yes	c
fsharp_signature	https://github.com/ionide/tree-sitter-fsharp	2025-05-17	f29605148f24199cf4d9c4a203a5debc0cbcc648	yes	./fsharp_signature	14	yes	yes	c
func	https://github.com/akifoq/tree-sitter-func	2022-04-02	dffbbd70bc14bfc26e4d9130aefc36133b6ff11a	no	.	13	yes	yes	no
func	https://github.com/tree-sitter-grammars/tree-sitter-func	2024-04-27	f780ca55e65e7d7360d0229331763e16c452fc98	no	.	14	yes	yes	no
fusion	https://gitlab.com/jirgn/tree-sitter-fusion.git	2021-12-29	19db2f47ba4c3a0f6238d4ae0e2abfca16e61dd6	no	.	13	yes	yes	c
gap	https://github.com/gap-system/tree-sitter-gap	2025-04-08	8dee53cfb962600dd35ca25432f005e7920e89f2	yes	.	14	yes	yes	c
gaptst	https://github.com/gap-system/tree-sitter-gaptst	2024-12-27	69086d7627c03e1f4baf766bcef14c60d9e92331	yes	.	14	yes	yes	c
gdscript	https://github.com/PrestonKnopp/tree-sitter-gdscript	2025-05-27	2ed3ef9e30a7998a98eea4dfbcd308678f93b88f	yes	.	14	yes	yes	c
gdshader	https://github.com/GodOfAvacyn/tree-sitter-gdshader	2024-02-22	ffd9f958df13cae04593781d7d2562295a872455	no	.	14	yes	yes	no
gemini	https://git.sr.ht/~nbsp/tree-sitter-gemini	2023-11-28	b60a42df3f76bd4e8f988465309d705a007dc506	no	.	14	yes	yes	no
gemtext	https://github.com/pebbe/tree-sitter-gemtext	2024-12-14	5b5a96a17889bd8aab5c413bda9e7d29391a5a1c	no	.	14	yes	yes	no
ghccore	https://github.com/bgamari/tree-sitter-ghc-core	2023-01-30	e6951706c8009111ffb38d53f2dfeb597fd6de22	no	.	-	no	no	no
git_commit	https://github.com/the-mikedavis/tree-sitter-git-commit	2023-08-04	6f193a66e9aa872760823dff020960c6cedc37b3	no	.	14	yes	yes	no
git_config	https://github.com/the-mikedavis/tree-sitter-git-config	2025-05-11	0fbc9f99d5a28865f9de8427fb0672d66f9d83a5	yes	.	14	yes	yes	no
git_rebase	https://github.com/the-mikedavis/tree-sitter-git-rebase	2024-07-22	bff4b66b44b020d918d67e2828eada1974a966aa	no	.	14	yes	yes	no
gitattributes	https://github.com/tree-sitter-grammars/tree-sitter-gitattributes	2025-05-28	f23072a51e1c764d6c5bf461194a775c8a5c7a95	yes	.	14	yes	yes	no
gitcommit	https://github.com/gbprod/tree-sitter-gitcommit	2025-03-13	a716678c0f00645fed1e6f1d0eb221481dbd6f6d	no	.	14	yes	yes	c
gitignore	https://github.com/shunsambongi/tree-sitter-gitignore	2022-05-04	f4685bf11ac466dd278449bcfe5fd014e94aa504	no	.	13	yes	yes	no
gleam	https://github.com/gleam-lang/tree-sitter-gleam	2025-05-17	6ece453acf8b14568c10f629f8cd25d3dde3794f	no	.	13	yes	yes	c
glimmer	https://github.com/ember-tooling/tree-sitter-glimmer	2024-08-20	da605af8c5999b43e6839b575eae5e6cafabb06f	no	.	14	yes	yes	c
glimmer_javascript	https://github.com/NullVoxPopuli/tree-sitter-glimmer-javascript	2025-04-01	5cc865a2a0a77cbfaf5062c8fcf2a9919bd54f87	yes	.	14	yes	yes	c
glimmer_typescript	https://github.com/NullVoxPopuli/tree-sitter-glimmer-typescript	2025-04-01	12d98944c1d5077b957cbdb90d663a7c4d50118c	yes	.	14	yes	yes	c
glsl	https://github.com/tree-sitter-grammars/tree-sitter-glsl	2025-03-16	24a6c8ef698e4480fecf8340d771fbcb5de8fbb4	yes	.	14	yes	yes	no
gn	https://github.com/tree-sitter-grammars/tree-sitter-gn	2023-10-22	bc06955bc1e3c9ff8e9b2b2a55b38b94da923c05	no	.	14	yes	yes	c
gnuplot	https://github.com/dpezto/tree-sitter-gnuplot	2024-12-23	8923c1e38b9634a688a6c0dce7c18c8ffb823e79	yes	.	14	yes	yes	no
go	https://github.com/tree-sitter/tree-sitter-go	2025-01-30	5e73f476efafe5c768eda19bbe877f188ded6144	yes	.	14	yes	yes	no
goctl	https://github.com/chaozwn/tree-sitter-goctl	2024-08-14	49c43532689fe1f53e8b9e009d0521cab02c432b	no	.	14	yes	yes	no
godot_resource	https://github.com/PrestonKnopp/tree-sitter-godot-resource	2025-05-27	9bbb540e8a2734101c6857bd437f04baa974e03d	yes	.	14	yes	yes	c
gomod	https://github.com/camdencheek/tree-sitter-go-mod	2025-01-12	6efb59652d30e0e9cd5f3b3a669afd6f1a926d3c	yes	.	14	yes	yes	no
gosum	https://github.com/tree-sitter-grammars/tree-sitter-go-sum	2023-05-13	e2ac513b2240c7ff1069ae33b2df29ce90777c11	no	.	14	yes	yes	no
gotmpl	https://github.com/dannylongeuay/tree-sitter-go-template	2022-07-19	395a33e08e69f4155156f0b90138a6c86764c979	no	.	13	yes	yes	no
gotmpl	https://github.com/ngalaiko/tree-sitter-go-template	2025-01-29	5f19a36bb1eebb30454e277b222b278ceafed0dd	yes	.	14	yes	yes	no
gowork	https://github.com/omertuc/tree-sitter-go-work	2022-10-04	949a8a470559543857a62102c84700d291fc984c	no	.	13	yes	yes	no
gpg	https://github.com/ObserverOfTime/tree-sitter-gpg-config	2024-11-23	63e80cfe1302da9f9c7ee8d9df295f47d7d181bf	yes	.	14	yes	yes	no
graphql	https://github.com/dralletje/tree-sitter-graphql	2018-11-06	633b20d7ab7785e84ac6b1f9c56349c9d0594d9d	no	.	9	yes	yes	no
graphql	https://github.com/bkegley/tree-sitter-graphql	2021-05-10	5e66e961eee421786bdda8495ed1db045e06b5fe	no	.	13	yes	yes	no
gren	https://github.com/MaeBrooks/tree-sitter-gren	2025-05-03	c36aac51a915fdfcaf178128ba1e9c2205b25930	yes	.	14	yes	yes	c
groovy	https://github.com/Decodetalkers/tree-sitter-groovy	2024-05-16	679459be70d7fbac175fb19f668948d57b3825ef	no	.	-	no	no	no
groovy	https://github.com/murtaza64/tree-sitter-groovy	2025-01-22	86911590a8e46d71301c66468e5620d9faa5b6af	yes	.	14	yes	yes	no
gstlaunch	https://github.com/theHamsta/tree-sitter-gstlaunch	2024-04-06	549aef253fd38a53995cda1bf55c501174372bf7	no	.	14	yes	yes	no
gularen	https://github.com/noorwachid/tree-sitter-gularen	2025-01-17	f48f0ba8e069e918ac08a2d0a6c1a8d67b0c5781	yes	.	14	yes	yes	c
hack	https://github.com/slackhq/tree-sitter-hack	2025-01-22	bc5b3a10d6d27e8220a113a9a7fe9bec0a1574b0	no	.	13	yes	yes	c
harbour	https://github.com/APerricone/tree-sitter-harbour	2019-05-08	f74690d1445cccf5df8b65194a814a2bdb91af3c	no	.	-	no	no	no
hare	https://github.com/tree-sitter-grammars/tree-sitter-hare	2024-07-07	4af5d82cf9ec39f67cb1db5b7a9269d337406592	no	.	14	yes	yes	no
haskell	https://github.com/tree-sitter/tree-sitter-haskell	2025-01-31	0975ef72fc3c47b530309ca93937d7d143523628	yes	.	14	yes	yes	c
haskell_persistent	https://github.com/MercuryTechnologies/tree-sitter-haskell-persistent	2023-09-18	577259b4068b2c281c9ebf94c109bd50a74d5857	no	.	14	yes	yes	c
haxe	https://github.com/vantreeseba/tree-sitter-haxe	2024-09-18	12e814cd9b0656b0eaa3e04b0036b3b6625cc0d7	no	.	14	yes	yes	c
hcl	https://github.com/MichaHoffmann/tree-sitter-hcl	2025-05-09	009def4ae38ec30e5b40beeae26efe93484ab286	yes	.	15	yes	yes	c
heex	https://github.com/connorlay/tree-sitter-heex	2025-01-30	008626a3fad379d17c81d5ed576edd9bd7a4fbf7	yes	.	14	yes	yes	no
helm	https://github.com/ngalaiko/tree-sitter-go-template	2025-01-29	5f19a36bb1eebb30454e277b222b278ceafed0dd	yes	./dialects/helm	14	yes	yes	no
helma	https://github.com/kevinkeckeis/tree-sitter-helma	2023-02-15	db3ede53e9a29631fbf0835483caecef9b39d1fd	no	.	14	yes	yes	no
hjson	https://github.com/winston0410/tree-sitter-hjson	2021-08-02	02fa3b79b3ff9a296066da6277adfc3f26cbc9e0	no	.	13	yes	yes	no
hlsl	https://github.com/tree-sitter-grammars/tree-sitter-hlsl	2025-03-23	bab9111922d53d43668fabb61869bec51bbcb915	yes	.	14	yes	yes	c
hlsplaylist	https://github.com/Freed-Wu/tree-sitter-hlsplaylist	2024-08-04	3bfda9271e3adb08d35f47a2102fe957009e1c55	no	.	14	yes	yes	no
hocon	https://github.com/antosha417/tree-sitter-hocon	2022-11-07	c390f10519ae69fdb03b3e5764f5592fb6924bcc	no	.	14	yes	yes	no
hoon	https://github.com/urbit-pilled/tree-sitter-hoon	2024-12-17	1545137aadcc63660c47db9ad98d02fa602655d0	no	.	14	yes	yes	c
html	https://github.com/tree-sitter/tree-sitter-html	2025-01-30	cbb91a0ff3621245e890d1c50cc811bffb77a26b	yes	.	14	yes	yes	c
htmldjango	https://github.com/interdependence/tree-sitter-htmldjango	2025-04-16	3a643167ad9afac5d61e092f08ff5b054576fadf	yes	.	15	yes	yes	no
http	https://github.com/PasiSalenius/tree-sitter-http	2022-07-27	c9e650abb04eeee7018884b41f53ce201446201f	no	.	13	yes	yes	no
http	https://github.com/rest-nvim/tree-sitter-http	2025-03-28	db8b4398de90b6d0b6c780aba96aaa2cd8e9202c	no	.	14	yes	yes	no
hurl	https://github.com/pfeiferj/tree-sitter-hurl	2024-09-14	ff07a42d9ec95443b5c1b57ed793414bf7b79be5	no	.	14	yes	yes	no
hyprlang	https://github.com/tree-sitter-grammars/tree-sitter-hyprlang	2025-06-03	d626ec06e4d876fc41200a30b3e6f2b4714c7367	yes	.	15	yes	yes	no
ibmhlasm	https://github.com/janus-llm/tree-sitter-ibmhlasm	2024-03-21	5f7ef6f2c4628f46fb5155eb1ac59df5e8de8ee6	no	.	14	yes	yes	c
idl	https://github.com/cathaysia/tree-sitter-idl	2025-02-09	b14e7971cfbd64fa0ebcdeaa4dfbb3cb0bfabd7c	no	.	14	yes	yes	no
idris	https://github.com/kayhide/tree-sitter-idris	2024-11-05	c56a25cf57c68ff929356db25505c1cc4c7820f6	yes	.	14	yes	yes	c
idris2	https://github.com/gwerbin/tree-sitter-idris2	2022-04-14	a307cead536c1ba8143541a3df0a72a1f858efa4	no	.	13	yes	yes	no
iex	https://github.com/elixir-lang/tree-sitter-iex	2022-01-08	39f20bb51f502e32058684e893c0c0b00bb2332c	no	.	13	yes	yes	no
ini	https://github.com/justinmk/tree-sitter-ini	2025-06-03	31899dfa3b91622ea39e5c0bcddc88f45a9a3cfe	no	.	14	yes	yes	no
inko	https://github.com/inko-lang/tree-sitter-inko	2025-02-21	f58a87ac4dc6a7955c64c9e4408fbd693e804686	no	.	14	yes	yes	no
ispc	https://github.com/tree-sitter-grammars/tree-sitter-ispc	2023-08-14	9b2f9aec2106b94b4e099fe75e73ebd8ae707c04	no	.	14	yes	yes	no
jack	https://github.com/nverno/tree-sitter-jack	2024-10-03	1a617413ea92c237bff4cbe7fa67eb3bf4425596	no	.	14	yes	yes	no
jakt	https://github.com/demizer/tree-sitter-jakt	2025-03-04	e67a5de093cab9eb79be721bf39bc9115193534a	no	.	14	yes	yes	c
janet	https://github.com/GrayJack/tree-sitter-janet	2021-07-19	1d002c23d4e952ce24a2e472d0f81ab0471ceb1b	no	.	13	yes	yes	c
janet_simple	https://github.com/sogaiu/tree-sitter-janet-simple	2025-05-19	7e28cbf1ca061887ea43591a2898001f4245fddf	yes	.	14	yes	yes	c
java	https://github.com/tree-sitter/tree-sitter-java	2025-01-30	a7db5227ec40fcfe94489559d8c9bc7c8181e25a	yes	.	14	yes	yes	no
javadoc	https://github.com/rmuir/tree-sitter-javadoc	2025-06-08	32c3d81dda0e4dd70fef7e93f15dc8861d3f5818	yes	.	14	yes	yes	c
javascript	https://github.com/tree-sitter/tree-sitter-javascript	2025-01-30	6fbef40512dcd9f0a61ce03a4c9ae7597b36ab5c	yes	.	14	yes	yes	c
jinja2	https://github.com/dbt-labs/tree-sitter-jinja2	2025-02-12	922b28e1352c4966418b2e7e3772e0583d4532a2	no	.	14	yes	yes	no
jpp	https://github.com/nitreojs/tree-sitter-jpp	2022-11-19	21284b6f1ea0ee84f10fd80d11a2b765578eafbe	no	.	14	yes	yes	no
jq	https://github.com/nverno/tree-sitter-jq	2025-02-26	1e139eba1fd3a9c34a36f0f0f47ed8b73c9b4636	yes	.	15	yes	yes	no
jq	https://github.com/flurie/tree-sitter-jq	2025-05-10	c204e36d2c3c6fce1f57950b12cabcc24e5cc4d9	no	.	13	yes	yes	no
jsdoc	https://github.com/tree-sitter/tree-sitter-jsdoc	2025-01-25	a417db5dbdd869fccb6a8b75ec04459e1d4ccd2c	yes	.	14	yes	yes	c
json	https://github.com/tree-sitter/tree-sitter-json	2025-01-30	46aa487b3ade14b7b05ef92507fdaa3915a662a3	yes	.	14	yes	yes	no
json5	https://github.com/Joakker/tree-sitter-json5	2024-04-30	ab0ba8229d639ec4f3fa5f674c9133477f4b77bd	no	.	14	yes	yes	no
json_schema	https://github.com/tree-sitter-grammars/tree-sitter-yaml	2025-05-28	3431ec21da1dde751bab55520963cf3a4f1121f3	yes	./schema/json	14	yes	yes	no
jsonc	https://gitlab.com/WhyNotHugo/tree-sitter-jsonc	2021-03-07	02b01653c8a1c198ae7287d566efa86a135b30d5	no	.	13	yes	yes	no
jsonnet	https://github.com/sourcegraph/tree-sitter-jsonnet	2024-08-15	ddd075f1939aed8147b7aa67f042eda3fce22790	no	.	14	yes	yes	c
julia	https://github.com/tree-sitter/tree-sitter-julia	2025-04-15	18b739c1563c83fc816170a4241adfa4b69e5c47	yes	.	14	yes	yes	c
just	https://github.com/IndianBoy42/tree-sitter-just	2025-01-05	bb0c898a80644de438e6efe5d88d30bf092935cd	yes	.	14	yes	yes	c
kcl	https://github.com/kcl-lang/tree-sitter-kcl	2025-02-15	b0b2eb38009e04035a6e266c7e11e541f3caab7c	yes	.	14	yes	yes	c
kconfig	https://github.com/tree-sitter-grammars/tree-sitter-kconfig	2024-12-22	9ac99fe4c0c27a35dc6f757cef534c646e944881	yes	.	14	yes	yes	c
kdl	https://github.com/spaarmann/tree-sitter-kdl	2024-02-03	4b91896648099d3c5a25fdaf80dfd0af8adc7da4	no	.	14	yes	yes	c
kdl	https://github.com/tree-sitter-grammars/tree-sitter-kdl	2024-06-08	b37e3d58e5c5cf8d739b315d6114e02d42e66664	no	.	14	yes	yes	c
koka	https://github.com/mtoohey31/tree-sitter-koka	2025-01-26	33c333f7ff4cac4138c0786198481b33d2880656	yes	.	14	yes	yes	c
kotlin	https://github.com/fwcd/tree-sitter-kotlin	2025-04-28	57fb4560ba8641865bc0baa6b3f413b236112c4c	yes	.	14	yes	yes	c
koto	https://github.com/koto-lang/tree-sitter-koto	2025-05-27	620ff8a32143f24f6f8e157bd1836183599d334d	yes	.	14	yes	yes	c
kusto	https://github.com/Willem-J-an/tree-sitter-kusto	2023-11-03	8353a1296607d6ba33db7c7e312226e5fc83e8ce	no	.	14	yes	yes	no
lalrpop	https://github.com/traxys/tree-sitter-lalrpop	2025-03-20	8d38e9755c05d37df8a24dadb0fc64f6588ac188	no	.	14	yes	yes	c
latex	https://github.com/latex-lsp/tree-sitter-latex	2025-04-19	f736d24d89acbd90092d92089e5171e6a449db40	yes	.	-	no	yes	c
lbnf	https://github.com/MortenSchou/tree-sitter-lbnf	2019-03-10	be9a66abbc6d3f3b2508bc2363d6089e13d11c17	no	.	9	yes	yes	no
lean	https://github.com/Julian/tree-sitter-lean	2024-12-25	efe6b87145608d12f5996bd7f0cf6095a0e82261	yes	.	13	yes	yes	c
ledger	https://github.com/cbarrete/tree-sitter-ledger	2025-03-31	96c92d4908a836bf8f661166721c98439f8afb80	yes	.	14	yes	yes	no
legacy_schema	https://github.com/tree-sitter-grammars/tree-sitter-yaml	2025-05-28	3431ec21da1dde751bab55520963cf3a4f1121f3	yes	./schema/legacy	14	yes	yes	no
leo	https://github.com/r001/tree-sitter-leo	2025-01-28	6bc5564917edacd070afc4d33cf5e2e677831ea9	no	.	14	yes	yes	no
lilypond	https://github.com/tristanperalta/tree-sitter-lilypond	2023-09-27	faebb5993c75053df690544b3e3abf9a358b7703	no	.	14	yes	yes	no
linkerscript	https://github.com/tree-sitter-grammars/tree-sitter-linkerscript	2023-11-19	f99011a3554213b654985a4b0a65b3b032ec4621	no	.	14	yes	yes	no
liquid	https://github.com/Shopify/tree-sitter-liquid	2023-11-20	bbf1a82cce8b87810a9537bbe63f91eb9957d384	no	.	14	yes	yes	no
liquid	https://github.com/hankthetank27/tree-sitter-liquid	2025-05-23	d6ebde3974742cd1b61b55d1d94aab1dacb41056	no	.	14	yes	yes	c
liquidsoap	https://github.com/savonet/tree-sitter-liquidsoap	2024-12-11	8e51fa63ddb93ac179d4e34a311d3d3f03780b42	no	.	14	yes	yes	c
llvm	https://github.com/benwilliamgraham/tree-sitter-llvm	2025-05-13	1ac83114e71839fa67f4cce2f864ebbbdf6e2a4f	yes	.	15	yes	yes	no
llvm_mir	https://github.com/Flakebi/tree-sitter-llvm-mir	2024-10-04	d166ff8c5950f80b0a476956e7a0ad2f27c12505	no	.	14	yes	yes	no
lua	https://github.com/Azganoth/tree-sitter-lua	2022-08-14	6b02dfd7f07f36c223270e97eb0adf84e15a4cef	no	.	13	yes	yes	c
lua	https://github.com/tjdevries/tree-sitter-lua	2024-10-23	4932594a24f04e4ccf046919bc354272841b0077	yes	.	14	yes	yes	c
lua	https://github.com/MunifTanjim/tree-sitter-lua	2025-05-09	4fbec840c34149b7d5fe10097c93a320ee4af053	yes	.	14	yes	yes	c
lua	https://github.com/tree-sitter-grammars/tree-sitter-lua	2025-05-17	e5e406935ff3e36529545955e2972646ed97f9e2	yes	.	15	yes	yes	c
luadoc	https://github.com/tree-sitter-grammars/tree-sitter-luadoc	2024-02-09	873612aadd3f684dd4e631bdf42ea8990c57634e	no	.	14	yes	yes	no
luap	https://github.com/vhyrro/tree-sitter-luap	2022-03-12	ebc6739bf8900a0191a386ef53371fc556c662a8	no	.	13	yes	yes	no
luap	https://github.com/tree-sitter-grammars/tree-sitter-luap	2024-06-08	c134aaec6acf4fa95fe4aa0dc9aba3eacdbbe55a	no	.	14	yes	yes	no
luau	https://github.com/tree-sitter-grammars/tree-sitter-luau	2024-12-22	a8914d6c1fc5131f8e1c13f769fa704c9f5eb02f	yes	.	14	yes	yes	c
luau	https://github.com/polychromatist/tree-sitter-luau	2025-03-15	ec187cafba510cddac265329ca7831ec6f3b9955	yes	.	14	yes	yes	c
m68k	https://github.com/grahambates/tree-sitter-m68k	2024-07-24	e128454c2210c0e0c10b68fe45ddb8fee80182a3	no	.	14	yes	yes	no
magik	https://github.com/krn-robin/tree-sitter-magik	2025-06-02	034b543b210f1c115f20a287b7562f742f8038fc	yes	.	15	yes	yes	no
mail	https://github.com/stevenxxiu/tree-sitter-mail	2025-05-26	098c34d1228aab42a00a09b38d3dd2ec21b8ae4c	yes	.	14	yes	yes	no
make	https://github.com/alemuller/tree-sitter-make	2021-12-16	a4b9187417d6be349ee5fd4b6e77b4172c6827dd	no	.	13	yes	yes	no
make	https://github.com/tree-sitter-grammars/tree-sitter-make	2024-12-21	5e9e8f8ff3387b0edcaa90f46ddf3629f4cfeb1d	yes	.	14	yes	yes	no
mal	https://github.com/sogaiu/tree-sitter-mal	2022-12-22	759751b74ebe5ec2ed90f955deadd44e568bdbde	no	.	13	yes	yes	no
mandbconfig	https://github.com/TornaxO7/tree-sitter-man-db-config	2024-11-01	d6eb82027c355e70f8186a47d17e6afd97fc7c81	no	.	-	no	no	no
markdown	https://github.com/ikatyang/tree-sitter-markdown	2021-04-18	8b8b77af0493e26d378135a3e7f5ae25b555b375	no	.	13	yes	yes	cc
markdown	https://github.com/tree-sitter-grammars/tree-sitter-markdown	2025-06-07	9dca2b6834df9be17bed2ec0fc05c215fa10acf3	yes	./tree-sitter-markdown	15	yes	yes	c
markdown_inline	https://github.com/tree-sitter-grammars/tree-sitter-markdown	2025-06-07	9dca2b6834df9be17bed2ec0fc05c215fa10acf3	yes	./tree-sitter-markdown-inline	15	yes	yes	c
math	https://github.com/DerekStride/tree-sitter-math	2021-07-31	ed50340a0c331b5b2559fa69d8c530b2aca4d309	no	.	13	yes	yes	no
matlab	https://github.com/mstanciu552/tree-sitter-matlab	2023-04-13	dd95e1fc1b5514aa3a882d5fb8ddbf4683e953f0	no	.	14	yes	yes	no
matlab	https://github.com/acristoffers/tree-sitter-matlab	2025-05-03	88ccb5ee90711e9961582d421c42bc8c6bd53f59	yes	.	15	yes	yes	c
menhir	https://github.com/Kerl13/tree-sitter-menhir	2023-07-17	be8866a6bcc2b563ab0de895af69daeffa88fe70	no	.	13	yes	yes	c
mermaid	https://github.com/monaqa/tree-sitter-mermaid	2024-04-23	90ae195b31933ceb9d079abfa8a3ad0a36fee4cc	no	.	14	yes	yes	no
meson	https://github.com/staysail/tree-sitter-meson	2022-11-02	1a497eecfb1b840ab12caf28f0ef45d4a5e26d28	no	.	14	yes	yes	no
meson	https://github.com/Decodetalkers/tree-sitter-meson	2025-06-04	243aa33382d6ac7b8b66d962024d339cb3bae3f6	yes	.	14	yes	yes	no
mlir	https://github.com/artagnon/tree-sitter-mlir	2025-06-07	3e214fc380b1159dd157cd6ed489a3b8fd8888a8	yes	.	15	yes	yes	no
modelica	https://github.com/modelicahub/tree-sitter-modelica	2024-09-10	cf20fb1e68401d1c18825b82802101b3ad1d3f3b	no	.	14	yes	yes	no
monkey	https://github.com/jamestrew/tree-sitter-monkey	2022-11-17	9a71b0cd2cb1254c47624ae2a0b2110db329dbaa	no	.	14	yes	yes	no
move	https://github.com/move-hub/tree-sitter-move	2020-08-16	93527b2c4845293384759e8ebee8fdd8a0878ad8	no	.	11	yes	yes	no
move	https://github.com/tree-sitter-grammars/tree-sitter-move	2023-02-11	b8ca25518749be10562455fd081a3dab30b93b8b	no	.	14	yes	yes	no
muttrc	https://github.com/neomutt/tree-sitter-muttrc	2024-08-04	173b0ab53a9c07962c9777189c4c70e90f1c1837	no	.	14	yes	yes	no
nasm	https://github.com/naclsn/tree-sitter-nasm	2024-11-23	d1b3638d017f2a8585e26dcfc66fe1df94185e30	no	.	14	yes	yes	no
nginx	https://github.com/opa-oz/tree-sitter-nginx	2025-01-25	989da760be05a3334af3ec88705cbf57e6a9c41d	no	.	14	yes	yes	c
nickel	https://github.com/nickel-lang/tree-sitter-nickel	2025-06-02	9a05ab045c000cf37f02cff5c4de32b081444244	yes	.	15	yes	yes	c
nim	https://github.com/aMOPel/tree-sitter-nim	2023-10-01	4900b68ead86049b67c4f7dfc4a805f170a7970e	no	.	14	yes	yes	cc
nim	https://github.com/alaviss/tree-sitter-nim	2024-07-11	897e5d346f0b59ed62b517cfb0f1a845ad8f0ab7	no	.	14	yes	yes	c
nim_format_string	https://github.com/aMOPel/tree-sitter-nim-format-string	2023-10-21	d45f75022d147cda056e98bfba68222c9c8eca3a	no	.	14	yes	yes	no
ninja	https://github.com/alemuller/tree-sitter-ninja	2022-01-07	0a95cfdc0745b6ae82f60d3a339b37f19b7b9267	no	.	13	yes	yes	no
nix	https://github.com/cstrahan/tree-sitter-nix	2025-03-10	cfc53fd287d23ab7281440a8526c73542984669b	no	.	13	yes	yes	c
noir	https://github.com/hhamud/tree-sitter-noir	2023-10-22	4cc223f677d72db319f1c8331b65a9564805c7bf	no	.	14	yes	yes	c
nois	https://github.com/nois-lang/tree-sitter-nois	2024-04-20	0e9c9e962177dc0a17d6bd79ff14330334466800	no	.	14	yes	yes	no
norg	https://github.com/nvim-neorg/tree-sitter-norg2	2023-04-04	ae6c29b7e74e283043f10aacde886f3e9dd730dc	no	.	14	yes	yes	cc
norg	https://github.com/nvim-neorg/tree-sitter-norg	2024-08-22	d89d95af13d409f30a6c7676387bde311ec4a2c8	no	.	14	yes	yes	cc
norg_meta	https://github.com/nvim-neorg/tree-sitter-norg-meta	2024-04-13	6f0510cc516a3af3396a682fbd6655486c2c9d2d	no	.	14	yes	yes	no
nqc	https://github.com/tree-sitter-grammars/tree-sitter-nqc	2023-08-31	14e6da1627aaef21d2b2aa0c37d04269766dcc1d	no	.	14	yes	yes	no
nu	https://github.com/LhKipp/tree-sitter-nu	2025-02-15	4f66444b92ba3e80d73b055ccbd04a2f7d9e1608	no	.	14	yes	yes	c
nu	https://github.com/fdncred/tree-sitter-nu	2025-03-29	d5c71a10b4d1b02e38967b05f8de70e847448dd1	yes	.	14	yes	yes	c
nu	https://github.com/nushell/tree-sitter-nu	2025-06-03	100d06e29d13a8ebfc3f29173c07a5c4f2050586	yes	.	14	yes	yes	c
objc	https://github.com/jiyee/tree-sitter-objc	2022-08-11	afec0de5a32d5894070b67932d6ff09e4f7c5879	no	.	13	yes	yes	no
objc	https://github.com/tree-sitter-grammars/tree-sitter-objc	2025-01-31	181a81b8f23a2d593e7ab4259981f50122909fda	yes	.	14	yes	yes	no
objcpp	https://github.com/panicinc/tree-sitter-objcpp	2023-05-16	af4901aa56d459b33487c307f4951068a2365b1e	no	.	13	yes	yes	cc
objdump	https://github.com/ColinKennedy/tree-sitter-objdump	2023-11-13	28d3b2e25a0b1881d1b47ed1924ca276c7003d45	no	.	14	yes	yes	c
ocaml	https://github.com/tree-sitter/tree-sitter-ocaml	2025-05-31	3ef7c00b29e41e3a0c1d18e82ea37c64d72b93fc	yes	./grammars/ocaml	15	yes	yes	c
ocaml_interface	https://github.com/tree-sitter/tree-sitter-ocaml	2025-05-31	3ef7c00b29e41e3a0c1d18e82ea37c64d72b93fc	yes	./grammars/interface	15	yes	yes	c
ocaml_type	https://github.com/tree-sitter/tree-sitter-ocaml	2025-05-31	3ef7c00b29e41e3a0c1d18e82ea37c64d72b93fc	yes	./grammars/type	15	yes	yes	c
ocamllex	https://github.com/atom-ocaml/tree-sitter-ocamllex	2025-05-17	ed488aa334d1b4e3235e1efaaf96f00815ebc0e0	yes	.	14	yes	yes	c
odin	https://github.com/lucypero/tree-sitter-odin	2020-12-07	a67ccf2eaadfc0f9058a941d588998813bf9fabe	no	.	11	yes	yes	c
odin	https://github.com/MineBill/tree-sitter-odin	2022-11-12	0660febd1e0afc97f9bb5050510b3c220dc9b2f9	no	.	14	yes	yes	no
odin	https://github.com/tree-sitter-grammars/tree-sitter-odin	2024-12-30	d2ca8efb4487e156a60d5bd6db2598b872629403	yes	.	14	yes	yes	c
ohm	https://github.com/novusnota/tree-sitter-ohm	2024-03-24	8b77e85eecd5597831bd8827f14a3a4fbc4a1337	no	.	14	yes	yes	c
openscad	https://github.com/bollian/tree-sitter-openscad	2024-03-25	bb1e12023e59489c0892af0c0c9a5b323af69df6	no	.	14	yes	yes	no
org	https://github.com/milisims/tree-sitter-org	2023-06-19	64cfbc213f5a83da17632c95382a5a0a2f3357c1	no	.	14	yes	yes	c
p4	https://github.com/ace-design/tree-sitter-p4	2024-01-29	9ff2d7b498fffbb7b311f30d5f3f4a9068302aea	no	.	14	yes	yes	c
papyrus	https://github.com/open-papyrus/tree-sitter-papyrus	2022-11-23	caeb8d91c3ce46699bbb85dc08ce3790d7cea46f	no	.	14	yes	yes	no
pascal	https://github.com/Isopod/tree-sitter-pascal	2025-05-11	5054931bcd022860dd5936864f981e359fb63aef	yes	.	14	yes	yes	no
passwd	https://github.com/ath3/tree-sitter-passwd	2022-12-01	20239395eacdc2e0923a7e5683ad3605aee7b716	no	.	14	yes	yes	no
pem	https://github.com/tree-sitter-grammars/tree-sitter-pem	2024-11-23	1d16b8e063fdf4385e389096c4bc4999eaaef05f	yes	.	14	yes	yes	no
perl	https://github.com/ganezdragon/tree-sitter-perl	2025-03-29	8d48b29910d2094cb1fc5c9c4ed8917c26b907de	yes	.	14	yes	yes	c
perl	https://github.com/tree-sitter-perl/tree-sitter-perl	2025-05-18	d02cd94a0437d15552ae788c7fa8f5000e682d8b	yes	.	-	no	yes	c
pgn	https://github.com/rolandwalker/tree-sitter-pgn	2024-10-05	38b20cead0ec1ab787cd36292a9160a2145df574	yes	.	14	yes	yes	c
php	https://github.com/tree-sitter/tree-sitter-php	2025-05-30	e771eb9fb5ccc65af35879487b66751568d10e48	yes	./php	15	yes	yes	c
php_only	https://github.com/tree-sitter/tree-sitter-php	2025-05-30	e771eb9fb5ccc65af35879487b66751568d10e48	yes	./php_only	15	yes	yes	c
phpdoc	https://github.com/claytonrcarter/tree-sitter-phpdoc	2025-04-02	03bb10330704b0b371b044e937d5cc7cd40b4999	no	.	14	yes	yes	c
pioasm	https://github.com/leo60228/tree-sitter-pioasm	2024-10-11	afece58efdb30440bddd151ef1347fa8d6f744a9	yes	.	14	yes	yes	c
pkl	https://github.com/apple/tree-sitter-pkl	2025-05-05	4fc94a102c25ea383d70397dac7e677ca3731f1e	yes	.	15	yes	yes	c
plantuml	https://github.com/ahlinc/tree-sitter-plantuml	2021-08-02	2a6eec1cd041a561bbfae81408df94c0e6390fbf	no	.	-	no	no	cc
plantuml	https://github.com/lyndsysimon/tree-sitter-plantuml	2021-12-09	fe25cf8592ea12ad6de00379a444d376ba32c7b5	no	.	13	yes	yes	no
plantuml	https://github.com/Decodetalkers/tree_sitter_plantuml	2023-09-01	c7361a1d481dc1ff6700b14ea1d5efc549b72713	no	.	-	no	no	no
po	https://github.com/tree-sitter-grammars/tree-sitter-po	2024-04-20	bd860a0f57f697162bf28e576674be9c1500db5e	no	.	14	yes	yes	no
pod	https://github.com/tree-sitter-perl/tree-sitter-pod	2024-08-23	71244084e61c9bb17b1730caefc232dd981b45c4	no	.	-	no	no	c
poe_filter	https://github.com/tree-sitter-grammars/tree-sitter-poe-filter	2024-12-18	2902dc45439125b9386812c1089a8e9b5f71c4ab	yes	.	14	yes	yes	no
pony	https://github.com/tree-sitter-grammars/tree-sitter-pony	2024-04-20	73ff874ae4c9e9b45462673cbc0a1e350e2522a7	no	.	14	yes	yes	c
powershell	https://github.com/PowerShell/tree-sitter-PowerShell	2019-08-23	1ac090522cb339a6fd9d3ac915da01cb263d69e1	no	.	-	no	no	c
powershell	https://github.com/airbus-cert/tree-sitter-powershell	2025-03-17	66d5e61126989c0aca57ff77d19b2064919b51e1	yes	.	14	yes	yes	c
printf	https://github.com/tree-sitter-grammars/tree-sitter-printf	2025-02-08	df6b69967db7d74ab338a86a9ab45c0966c5ee3c	yes	.	14	yes	yes	no
prisma	https://github.com/victorhqc/tree-sitter-prisma	2025-01-24	73f39a6d5401cfdcd143951e499336cf5ab2ffaa	yes	.	14	yes	yes	no
problog	https://codeberg.org/foxy/tree-sitter-prolog	2025-03-23	d8d415f6a1cf80ca138524bcc395810b176d40fa	yes	./grammars/problog	14	yes	yes	no
prolog	https://github.com/Rukiza/tree-sitter-prolog	2023-12-23	c246cf2bf36590a3cb4de380205376d3c46208e8	no	.	14	yes	yes	no
prolog	https://codeberg.org/foxy/tree-sitter-prolog	2025-03-23	d8d415f6a1cf80ca138524bcc395810b176d40fa	yes	./grammars/prolog	14	yes	yes	no
promela	https://github.com/siraben/tree-sitter-promela	2022-02-11	91da8f141c3c4c695eb71018c8a7b2e7ea39c167	no	.	13	yes	yes	no
promql	https://github.com/MichaHoffmann/tree-sitter-promql	2023-08-13	77625d78eebc3ffc44d114a07b2f348dff3061b0	no	.	14	yes	yes	no
properties	https://github.com/tree-sitter-grammars/tree-sitter-properties	2025-01-02	579b62f5ad8d96c2bb331f07d1408c92767531d9	yes	.	14	yes	yes	c
proto	https://github.com/mitchellh/tree-sitter-proto	2021-06-12	42d82fa18f8afe59b5fc0b16c207ee4f84cb185f	no	.	13	yes	yes	no
proto	https://github.com/treywood/tree-sitter-proto	2023-08-02	e9f6b43f6844bd2189b50a422d4e2094313f6aa3	no	.	14	yes	yes	no
prql	https://github.com/PRQL/tree-sitter-prql	2023-07-28	09e158cd3650581c0af4c49c2e5b10c4834c8646	no	.	14	yes	yes	no
psv	https://github.com/tree-sitter-grammars/tree-sitter-csv	2024-04-27	7eb7297823605392d2bbcc4c09b1cd18d6fa9529	no	./psv	14	yes	yes	no
pug	https://github.com/zealot128/tree-sitter-pug	2024-11-17	13e9195370172c86a8b88184cc358b23b677cc46	no	.	14	yes	yes	c
puppet	https://github.com/tree-sitter-grammars/tree-sitter-puppet	2024-12-21	15f192929b7d317f5914de2b4accd37b349182a6	yes	.	14	yes	yes	no
purescript	https://github.com/postsolar/tree-sitter-purescript	2025-06-05	603daa9178bcef3386b3040d86435794965fc6f2	no	.	14	yes	yes	c
pymanifest	https://github.com/tree-sitter-grammars/tree-sitter-pymanifest	2024-06-05	be062582956165019d3253794b4d712f66dfeaaa	no	.	14	yes	yes	no
python	https://github.com/tree-sitter/tree-sitter-python	2025-01-30	710796b8b877a970297106e5bbc8e2afa47f86ec	yes	.	14	yes	yes	c
python_legesher	https://github.com/legesher/tree-sitter-legesher-python	2023-12-07	3bd79d8f06f81df9d9a14da1adb9a0aadcfd9961	no	.	13	yes	yes	cc
ql	https://github.com/tree-sitter/tree-sitter-ql	2024-11-10	1fd627a4e8bff8c24c11987474bd33112bead857	yes	.	14	yes	yes	no
qml	https://github.com/rschiang/tree-sitter-qml	2018-10-22	c2848d829454546b4039df93ba9455665b2ed475	no	.	9	yes	yes	no
qmldir	https://github.com/Decodetalkers/tree-sitter-qmldir	2023-03-01	6b2b5e41734bd6f07ea4c36ac20fb6f14061c841	no	.	14	yes	yes	no
qmljs	https://github.com/yuja/tree-sitter-qmljs	2025-04-01	0889da4632bba3ec6f39ef4102625654890c15c1	yes	.	14	yes	yes	c
quakec	https://github.com/vkazanov/tree-sitter-quakec	2024-07-18	268be403609e944a45e5620c49cbbd6683b7f676	no	.	14	yes	yes	no
query	https://github.com/tree-sitter-grammars/tree-sitter-query	2025-06-05	2b3669919b22f1a6e5bfcf3753caaa63fd14e8ec	yes	.	15	yes	yes	no
r	https://github.com/r-lib/tree-sitter-r	2025-06-06	95aff097aa927a66bb357f715b58cde821be8867	yes	.	14	yes	yes	c
racket	https://github.com/6cdh/tree-sitter-racket	2025-05-17	6d63a202602eb350e726b5e7814127ba22ed25fc	yes	.	14	yes	yes	c
ralph	https://github.com/alephium/tree-sitter-ralph	2024-06-24	f6d81bf7a4599c77388035439cf5801cd461ff77	no	.	14	yes	yes	no
rasi	https://github.com/Fymyte/tree-sitter-rasi	2025-04-13	e735c6881d8b475aaa4ef8f0a2bdfd825b438143	yes	.	15	yes	yes	no
razor	https://github.com/tris203/tree-sitter-razor	2025-02-17	fe46ce5ea7d844e53d59bc96f2175d33691c61c5	yes	.	14	yes	yes	c
rbs	https://github.com/joker1007/tree-sitter-rbs	2025-01-04	de893b166476205b09e79cd3689f95831269579a	yes	.	14	yes	yes	no
re2c	https://github.com/alemuller/tree-sitter-re2c	2021-12-31	40dda1f1be3215e67bec142511515f57a8e37345	no	.	13	yes	yes	no
re2c	https://github.com/tree-sitter-grammars/tree-sitter-re2c	2024-09-25	c18a3c2f4b6665e35b7e50d6048ea3cff770c572	no	.	14	yes	yes	no
readline	https://github.com/ribru17/tree-sitter-readline	2024-10-01	74addc90fc539d31d413c0c7cf7581997a7fa46e	no	.	14	yes	yes	no
reason	https://github.com/IwanKaramazow/tree-sitter-reason	2018-03-16	2dd7c6f2b2414f7b7381b0840b4631b3f6ad0ea7	no	.	-	no	no	no
rec	https://github.com/amaanq/tree-sitter-rec	2022-05-20	a7732557aaa55e6947729e354950434dd775aae0	no	.	13	yes	yes	no
regex	https://github.com/tree-sitter/tree-sitter-regex	2025-01-25	b638d29335ef41215b86732dd51be34c701ef683	yes	.	14	yes	yes	no
rego	https://github.com/FallenAngel97/tree-sitter-rego	2024-06-12	20b5a5958c837bc9f74b231022a68a594a313f6d	no	.	13	yes	yes	no
requirements	https://github.com/ObserverOfTime/tree-sitter-requirements	2025-03-03	728910099ddea7f1f94ea95a35a70d1ea76a1639	no	.	14	yes	yes	no
rescript	https://github.com/rescript-lang/tree-sitter-rescript	2025-03-03	d2df8a285fff95de56a91d2f8152aeceb66f40ef	yes	.	15	yes	yes	c
rnoweb	https://github.com/bamonroe/tree-sitter-rnoweb	2022-10-20	1a74dc0ed731ad07db39f063e2c5a6fe528cae7f	no	.	13	yes	yes	c
robot	https://github.com/Hubro/tree-sitter-robot	2025-05-01	e34def7cb0d8a66a59ec5057fe17bb4e6b17b56a	yes	.	14	yes	yes	no
robots	https://github.com/opa-oz/tree-sitter-robots-txt	2024-06-29	8e3a4205b76236bb6dbebdbee5afc262ce38bb62	no	.	14	yes	yes	c
roc	https://github.com/faldor20/tree-sitter-roc	2025-03-21	0b1afe88161cbd81f5ddea1bb4fa786314ed49a7	yes	.	14	yes	yes	c
ron	https://github.com/tree-sitter-grammars/tree-sitter-ron	2024-05-05	78938553b93075e638035f624973083451b29055	no	.	14	yes	yes	c
rst	https://github.com/stsewd/tree-sitter-rst	2025-02-23	4e562e1598b95b93db4f3f64fe40ddefbc677a15	yes	.	14	yes	yes	c
rsx	https://github.com/tjdevries/tree-sitter-rsx	2022-05-27	ef49a5732b26c1f4bfb1ff6316902041cf26db2d	no	.	13	yes	yes	cc
rtf	https://github.com/GoodNotes/tree-sitter-rtf	2024-10-16	3bbc47cb5d991bef4ebab1118459f6c8d5064c54	no	.	-	no	no	no
ruby	https://github.com/tree-sitter/tree-sitter-ruby	2025-01-30	89bd7a8e5450cb6a942418a619d30469f259e5d6	yes	.	14	yes	yes	c
runescript	https://github.com/2004Scape/tree-sitter-runescript	2024-11-06	cf85bbd5da0c5ad243301d889c7f84d790a4cae4	yes	.	14	yes	yes	c
rust	https://github.com/tree-sitter/tree-sitter-rust	2025-04-02	3691201b01cacb2f96ffca4c632c4e938bfacd88	yes	.	15	yes	yes	c
satysfi	https://github.com/monaqa/tree-sitter-satysfi	2023-04-09	5519c547418ecb31ac7d63e64653aed726b5d1c3	no	.	14	yes	yes	c
scala	https://github.com/tree-sitter/tree-sitter-scala	2025-06-08	2d55e74b0485fe05058ffe5e8155506c9710c767	yes	.	14	yes	yes	c
scfg	https://git.sr.ht/~rockorager/tree-sitter-scfg	2024-07-10	a5512800ea0220da4abbae61b8aea8423d1549aa	no	.	-	no	no	no
scfg	https://github.com/rockorager/tree-sitter-scfg	2025-01-23	2f3709e7656fa2c443f92041c91a9f843f8cd625	yes	.	-	no	no	no
scheme	https://github.com/6cdh/tree-sitter-scheme	2025-05-25	e35b41a183164f4a12e10da3d0c430e837c3d75a	yes	.	14	yes	yes	no
scilab	https://github.com/nicolas-graves/tree-sitter-scilab	2025-01-10	8a109b8f00bfb0fccaae83dc9a5a0abd0c444358	no	.	-	no	no	no
scss	https://github.com/serenadeai/tree-sitter-scss	2022-02-03	c478c6868648eff49eb04a4df90d703dc45b312a	no	.	13	yes	yes	c
sdml	https://github.com/sdm-lang/tree-sitter-sdml	2025-05-27	83d68b835a99fe424da3cf613670523be36be1f7	yes	.	14	yes	yes	no
sexp	https://github.com/AbstractMachinesLab/tree-sitter-sexp	2020-12-05	b46b9f784b3e31bcbc0632f3294f1af6ba049241	no	.	12	yes	yes	no
sflog	https://github.com/aheber/tree-sitter-sfapex	2025-02-12	3597575a429766dd7ecce9f5bb97f6fec4419d5d	yes	./sflog	14	yes	yes	no
slang	https://github.com/theHamsta/tree-sitter-slang	2025-06-03	a4454e3004a9e8fea2df7fd2535fbaa05500da21	yes	.	14	yes	yes	c
slim	https://github.com/theoo/tree-sitter-slim	2025-04-23	d8a79d15c7b9a68d2d1616c319d2b04d1999ab9f	no	.	14	yes	yes	c
slint	https://github.com/slint-ui/tree-sitter-slint	2025-06-04	cd04d91ff4eaff3467a6a0968e29fa9e4ac8f024	yes	.	15	yes	yes	no
slint	https://github.com/slint-ui/slint	2025-06-08	3e26e4ef7acbf5bb70dcfd82423dbbce88709734	no	./editors/tree-sitter-slint	-	no	no	no
smali	https://git.sr.ht/~yotam/tree-sitter-smali	2023-05-13	72e334b2630f5852825ba5ff9dfd872447175eb5	no	.	14	yes	yes	c
smali	https://github.com/tree-sitter-grammars/tree-sitter-smali	2024-05-05	fdfa6a1febc43c7467aa7e937b87b607956f2346	no	.	14	yes	yes	c
smallbasic	https://github.com/comom87/tree-sitter-smallbasic	2025-04-27	4c732d2407dcf2831bbb4e4d4aebb339b7f11183	no	.	14	yes	yes	no
smalltalk	https://github.com/tom95/tree-sitter-smalltalk	2023-10-05	fd6a5a256f831f0882b435d976c9baab04fb9e2b	no	.	13	yes	yes	no
smarty	https://github.com/Kibadda/tree-sitter-smarty	2023-11-15	10d7ec727362b2978d686b544cee96568e297aae	no	.	13	yes	yes	no
smithy	https://github.com/indoorvivants/tree-sitter-smithy	2025-05-13	ec4fe14586f2b0a1bc65d6db17f8d8acd8a90433	no	.	14	yes	yes	no
sml	https://github.com/MatthewFluet/tree-sitter-sml	2025-05-22	fd4b4955bb998262840ab8119885b3edf20ea75a	yes	.	15	yes	yes	c
snakemake	https://github.com/osthomas/tree-sitter-snakemake	2025-01-04	f36c1587624d6d84376c82a357c20fc319cbf02c	yes	.	14	yes	yes	c
solidity	https://github.com/JoranHonig/tree-sitter-solidity	2025-01-29	d38dcd0b58b223c43e3f9265914fb3167dc624c6	yes	.	14	yes	yes	no
soql	https://github.com/aheber/tree-sitter-sfapex	2025-02-12	3597575a429766dd7ecce9f5bb97f6fec4419d5d	yes	./soql	14	yes	yes	no
sosl	https://github.com/aheber/tree-sitter-sfapex	2025-02-12	3597575a429766dd7ecce9f5bb97f6fec4419d5d	yes	./sosl	14	yes	yes	no
souffle	https://github.com/julienhenry/tree-sitter-souffle	2022-01-31	dbef9a250c8f882bdb383b4a9379a9e80537f177	no	.	11	yes	yes	no
souffle	https://github.com/langston-barrett/tree-sitter-souffle	2022-10-24	901e71368a29d5f893d43d099fbc2b4ab037660e	no	.	13	yes	yes	no
sourcepawn	https://github.com/Sarrus1/tree-sitter-sourcepawn	2024-02-20	b691bcacaf970a81c8a758b96b7e55b3d3c31a9f	no	.	14	yes	yes	c
sourcepawn	https://github.com/nilshelmig/tree-sitter-sourcepawn	2025-01-20	f2af8d0dc14c6790130cceb2a20027eb41a8297c	yes	.	14	yes	yes	c
sparql	https://github.com/GordianDziwis/tree-sitter-sparql	2024-06-24	d853661ca680d8ff7f8d800182d5782b61d0dd58	no	.	13	yes	yes	no
sql	https://github.com/tjdevries/tree-sitter-sql	2021-04-06	c8f50f7660e2e0b72e51eaae68c8f7f9f9a01755	no	.	13	yes	yes	no
sql	https://github.com/m-novikov/tree-sitter-sql	2024-03-06	587f30d184b058450be2a2330878210c5f33b3f9	no	.	13	yes	yes	cc
sql	https://github.com/DerekStride/tree-sitter-sql	2025-04-11	0bb6d4fb695b3ce355588dca398edae41b90c44c	yes	.	-	no	no	c
sql_bigquery	https://github.com/takegue/tree-sitter-sql-bigquery	2025-01-20	c0c4f0ed7b87846cb1be19df5d638ca227a9fe41	no	.	14	yes	yes	c
sqlite	https://github.com/dhcmrlchtdj/tree-sitter-sqlite	2023-06-24	993be0a91c0c90b0cc7799e6ff65922390e2cefe	no	.	14	yes	yes	no
squirrel	https://github.com/tree-sitter-grammars/tree-sitter-squirrel	2024-07-07	072c969749e66f000dba35a33c387650e203e96e	no	.	14	yes	yes	c
ssh_client_config	https://github.com/metio/tree-sitter-ssh-client-config	2025-06-06	34da34ef5dce78fac14ff343e263db2e3f9eb6e4	yes	.	14	yes	yes	no
ssh_config	https://github.com/tree-sitter-grammars/tree-sitter-ssh-config	2024-12-28	0dd3c7e9f301758f6c69a6efde43d3048deb4d8a	yes	.	14	yes	yes	no
stan	https://github.com/WardBrian/tree-sitter-stan	2024-10-01	8f42a13095951700e7f9597dc309bee2c390c51f	no	.	14	yes	yes	no
starlark	https://github.com/tree-sitter-grammars/tree-sitter-starlark	2024-12-04	a453dbf3ba433db0e5ec621a38a7e59d72e4dc69	yes	.	14	yes	yes	c
strace	https://github.com/sigmaSd/tree-sitter-strace	2023-10-29	d819cdd5dbe455bd3c859193633c8d91c0df7c36	no	.	14	yes	yes	no
styled	https://github.com/mskelton/tree-sitter-styled	2025-02-24	319cdcaa0346ba6db668a222d938e5c3569e2a51	no	.	14	yes	yes	c
supercollider	https://github.com/madskjeldgaard/tree-sitter-supercollider	2024-09-21	1a8ee0da9a4f2df5a8a22f4d637ac863623a78a7	no	.	14	yes	yes	c
superhtml	https://github.com/kristoff-it/superhtml	2025-04-09	13f5a2221cb748bbe50ad702e89362afd5b925a7	no	./tree-sitter-superhtml	14	yes	yes	c
surface	https://github.com/connorlay/tree-sitter-surface	2022-01-18	f4586b35ac8548667a9aaa4eae44456c1f43d032	no	.	13	yes	yes	no
surrealdb	https://github.com/DariusCorvus/tree-sitter-surrealdb	2024-02-20	17a7ed4481bdaaa35a1372f3a94bc851d634a19e	no	.	14	yes	yes	no
sv	https://github.com/rfdonnelly/tree-sitter-sv	2019-08-21	b37ec11c796b59ce6e5f8ed0182e9d5de1f9fe77	no	.	-	no	no	no
svelte	https://github.com/Himujjal/tree-sitter-svelte	2024-09-06	60ea1d673a1a3eeeb597e098d9ada9ed0c79ef4b	no	.	14	yes	yes	c
svelte	https://github.com/tree-sitter-grammars/tree-sitter-svelte	2024-10-19	ae5199db47757f785e43a14b332118a5474de1a2	no	.	14	yes	yes	c
sway	https://github.com/FuelLabs/tree-sitter-sway	2024-11-11	395006713db3bbb90d267ebdfcbf1881b399b05c	yes	.	14	yes	yes	c
swift	https://github.com/alex-pinkus/tree-sitter-swift	2025-05-04	f67f569270ce8664a065313f1086a3484a3bec77	yes	.	-	no	no	c
sxhkdrc	https://github.com/RaafatTurki/tree-sitter-sxhkdrc	2022-08-31	440d5f913d9465c9c776a1bd92334d32febcf065	no	.	13	yes	yes	no
systemrdl	https://github.com/SystemRDL/tree-sitter-systemrdl	2024-05-12	2c27e329f7724e39f40439e68e22133e285a3e3b	no	.	-	no	no	no
systemtap	https://github.com/ok-ryoko/tree-sitter-systemtap	2024-08-07	f2b378a9af0b7e1192cff67a5fb45508c927205d	no	.	14	yes	yes	no
t32	https://codeberg.org/xasc/tree-sitter-t32	2025-05-30	15f0032f3eadf95988293338e883c095fd5936f6	yes	.	15	yes	yes	c
tablegen	https://github.com/tree-sitter-grammars/tree-sitter-tablegen	2024-05-05	b1170880c61355aaf38fc06f4af7d3c55abdabc4	no	.	14	yes	yes	c
tablegen	https://github.com/Flakebi/tree-sitter-tablegen	2024-10-04	3e9c4822ab5cdcccf4f8aa9dcd42117f736d51d9	no	.	14	yes	yes	c
tact	https://github.com/tact-lang/tree-sitter-tact	2025-05-01	a6267c2091ed432c248780cec9f8d42c8766d9ad	yes	.	14	yes	yes	no
tcl	https://github.com/tree-sitter-grammars/tree-sitter-tcl	2025-04-08	8f11ac7206a54ed11210491cee1e0657e2962c47	yes	.	15	yes	yes	c
teal	https://github.com/euclidianAce/tree-sitter-teal	2025-05-14	05d276e737055e6f77a21335b7573c9d3c091e2f	yes	.	15	yes	yes	c
templ	https://github.com/vrischmann/tree-sitter-templ	2025-06-01	de35706f89beed5087670a9c4421b7794ef02411	yes	.	15	yes	yes	c
tera	https://github.com/uncenter/tree-sitter-tera	2025-04-16	d006172998fa8b81f96b0f2fc7fa2bf25207c46b	yes	.	14	yes	yes	c
terraform	https://github.com/MichaHoffmann/tree-sitter-hcl	2025-05-09	009def4ae38ec30e5b40beeae26efe93484ab286	yes	./dialects/terraform	15	yes	yes	c
textproto	https://github.com/PorterAtGoogle/tree-sitter-textproto	2024-10-16	568471b80fd8793d37ed01865d8c2208a9fefd1b	no	.	14	yes	yes	no
thrift	https://github.com/tree-sitter-grammars/tree-sitter-thrift	2023-10-23	68fd0d80943a828d9e6f49c58a74be1e9ca142cf	no	.	14	yes	yes	no
tiger	https://github.com/ambroisie/tree-sitter-tiger	2025-03-13	4a77b2d7a004587646bddc4e854779044b6db459	no	.	14	yes	yes	c
tlaplus	https://github.com/tlaplus-community/tree-sitter-tlaplus	2025-05-21	2d831940c782850f64dabf5b7b17e9e51f7f0ebb	yes	.	14	yes	yes	c
tmux	https://github.com/Freed-Wu/tree-sitter-tmux	2024-08-04	0252ecd080016e45e6305ef1a943388f5ae2f4b4	no	.	14	yes	yes	no
todo	https://github.com/Aerijo/tree-sitter-todo	2018-11-22	5b789e4cf7909a6fa6358404e7d74a8bb63418c9	no	.	9	yes	yes	cc
todotxt	https://github.com/arnarg/tree-sitter-todotxt	2024-01-15	3937c5cd105ec4127448651a21aef45f52d19609	no	.	13	yes	yes	no
toml	https://github.com/ikatyang/tree-sitter-toml	2021-05-11	8bd2056818b21860e3d756b5a58c4f6e05fb744e	no	.	13	yes	yes	c
toml	https://github.com/tree-sitter-grammars/tree-sitter-toml	2024-12-02	64b56832c2cffe41758f28e05c756a3a98d16f41	yes	.	14	yes	yes	c
tsq	https://github.com/the-mikedavis/tree-sitter-tsq	2022-07-03	48b5e9f82ae0a4727201626f33a17f69f8e0ff86	no	.	13	yes	yes	no
tsq	https://github.com/tree-sitter/tree-sitter-tsq	2024-02-24	49da6de661be6a07cb51018880ebe680324e7b82	no	.	13	yes	yes	no
tsv	https://github.com/tree-sitter-grammars/tree-sitter-csv	2024-04-27	7eb7297823605392d2bbcc4c09b1cd18d6fa9529	no	./tsv	14	yes	yes	no
tsx	https://github.com/tree-sitter/tree-sitter-typescript	2025-01-30	75b3874edb2dc714fb1fd77a32013d0f8699989f	yes	./tsx	14	yes	yes	c
tucan	https://github.com/mrnugget/tree-sitter-tucan	2022-10-28	14269f79d6be0aa93f214f9315711138ad119658	no	.	13	yes	yes	no
tucanir	https://github.com/mrnugget/tree-sitter-tucanir	2022-06-19	ce4d5439ae986bf4125468ac6023ab81c8bbe1b9	no	.	13	yes	yes	no
turtle	https://github.com/GordianDziwis/tree-sitter-turtle	2024-07-02	7f789ea7ef765080f71a298fc96b7c957fa24422	no	.	14	yes	yes	no
twig	https://github.com/gbprod/tree-sitter-twig	2024-06-15	085648e01d1422163a1702a44e72303b4e2a0bd1	no	.	14	yes	yes	no
twig	https://github.com/kaermorchen/tree-sitter-twig	2025-05-16	174dbb1e14a461d48ba069a5a8d0c6d6c718b9a9	no	.	14	yes	yes	c
twitchchat	https://github.com/rockerBOO/tree-sitter-twitchchat	2020-12-04	51c4348f7fe790160440a41e591aec3dd25f445a	no	.	12	yes	yes	no
typescript	https://github.com/tree-sitter/tree-sitter-typescript	2025-01-30	75b3874edb2dc714fb1fd77a32013d0f8699989f	yes	./typescript	14	yes	yes	c
typespec	https://github.com/happenslol/tree-sitter-typespec	2025-04-16	b6b6a66a18e98f44cc2f2cdbfd2e1df845b59852	yes	.	15	yes	yes	no
typoscript	https://github.com/Teddytrombone/tree-sitter-typoscript	2025-03-13	5d8fde870b0ded1f429ba5bb249a9d9f8589ff5f	no	.	14	yes	yes	no
typst	https://github.com/SeniorMars/tree-sitter-typst	2023-04-05	2e66ef4b798a26f0b82144143711f3f7a9e8ea35	no	.	14	yes	yes	c
typst	https://github.com/frozolotl/tree-sitter-typst	2024-01-29	4b935442f19cfdee7fd74800ed55a0f457f281a2	no	.	14	yes	yes	cc
typst	https://github.com/uben0/tree-sitter-typst	2025-02-10	46cf4ded12ee974a70bf8457263b67ad7ee0379d	yes	.	14	yes	yes	c
udev	https://github.com/ObserverOfTime/tree-sitter-udev	2024-11-08	18a1d183c4c0cc40438bae2ebf8191aaf2dee8dc	yes	.	14	yes	yes	no
ungrammar	https://github.com/Philipp-M/tree-sitter-ungrammar	2023-02-27	debd26fed283d80456ebafa33a06957b0c52e451	no	.	14	yes	yes	no
unifieddiff	https://github.com/monaqa/tree-sitter-unifieddiff	2022-12-23	d4556131c279d73961943a2ebf878198ab7976a6	no	.	14	yes	yes	c
unison	https://github.com/kylegoetz/tree-sitter-unison	2025-03-05	169e7f748a540ec360c0cb086b448faad012caa4	yes	.	14	yes	yes	c
usd	https://github.com/ColinKennedy/tree-sitter-usd	2024-04-28	4e0875f724d94d0c2ff36f9b8cb0b12f8b20d216	no	.	14	yes	yes	no
uxntal	https://github.com/Jummit/tree-sitter-uxntal	2024-03-23	1a44f8d31053096b79c52f10a39da12479edbf64	no	.	14	yes	yes	no
uxntal	https://github.com/tree-sitter-grammars/tree-sitter-uxntal	2024-05-05	ad9b638b914095320de85d59c49ab271603af048	no	.	14	yes	yes	c
v	https://github.com/nedpals/tree-sitter-v	2022-10-30	fee18d64a51127b32a221a56509f77c942d9923f	no	.	13	yes	yes	c
v	https://github.com/vlang/vls	2024-02-04	dd8c00497c8de79f939e26795f7115332d2347b6	no	./tree_sitter_v	14	yes	yes	c
v	https://github.com/vlang/v-analyzer	2025-05-23	0f963ca4c0cc888252f5a31f37c974d5e2527d06	yes	./tree_sitter_v	14	yes	yes	no
vala	https://github.com/vala-lang/tree-sitter-vala	2024-10-30	97e6db3c8c73b15a9541a458d8e797a07f588ef4	no	.	13	yes	yes	no
vcd	https://github.com/wavedrom/tree-sitter-vcd	2019-10-07	a85d14355050f1293ed8d65daf2f0df42b7dad12	no	.	-	no	no	no
vento	https://github.com/ventojs/tree-sitter-vento	2024-12-29	3b32474bc29584ea214e4e84b47102408263fe0e	no	.	14	yes	yes	c
verilog	https://github.com/gmlarumbe/tree-sitter-verilog	2023-01-20	cd6e48b27d8bd7b192a8784b0171a39afa06f13d	no	.	13	yes	yes	no
verilog	https://github.com/tree-sitter/tree-sitter-verilog	2024-11-11	227d277b6a1a5e2bf818d6206935722a7503de08	yes	.	14	yes	yes	no
verilog	https://github.com/gmlarumbe/tree-sitter-systemverilog	2025-03-20	ba3c1e305caf948f718293c86c6018a82ed5043e	yes	.	15	yes	yes	no
vespa	https://github.com/bartek/tree-sitter-vespa	2023-02-07	618c5b1c9b92daac0b7dd0b41c65158437dbeec5	no	.	14	yes	yes	no
vhdl	https://github.com/alemuller/tree-sitter-vhdl	2022-01-08	a3b2d84990527c7f8f4ae219c332c00c33d2d8e5	no	.	13	yes	yes	no
vhdl	https://github.com/jpt13653903/tree-sitter-vhdl	2025-05-24	ec2cb14f68053cf49d1d18cd5742af8e81771ebb	yes	.	15	yes	yes	c
vhs	https://github.com/charmbracelet/tree-sitter-vhs	2025-03-26	0c6fae9d2cfc5b217bfd1fe84a7678f5917116db	no	.	14	yes	yes	no
vim	https://github.com/tree-sitter-grammars/tree-sitter-vim	2025-05-03	ccc312e878aa84f32d180b8528a3585c7b86a545	yes	.	15	yes	yes	c
vimdoc	https://github.com/neovim/tree-sitter-vimdoc	2025-05-16	9f6191a98702edc1084245abd5523279d4b681fb	yes	.	15	yes	yes	no
vrl	https://github.com/belltoy/tree-sitter-vrl	2024-07-31	274b3ce63f72aa8ffea18e7fc280d3062d28f0ba	no	.	14	yes	yes	no
vue	https://github.com/ikatyang/tree-sitter-vue	2021-04-04	91fe2754796cd8fba5f229505a23fa08f3546c06	no	.	13	yes	yes	cc
vue	https://github.com/tree-sitter-grammars/tree-sitter-vue	2023-07-04	7e48557b903a9db9c38cea3b7839ef7e1f36c693	no	.	14	yes	yes	c
wast	https://github.com/wasm-lsp/tree-sitter-wasm	2022-05-17	2ca28a9f9d709847bf7a3de0942a84e912f59088	no	./wast	13	yes	yes	no
wat	https://github.com/wasm-lsp/tree-sitter-wasm	2022-05-17	2ca28a9f9d709847bf7a3de0942a84e912f59088	no	./wat	13	yes	yes	no
wdl	https://github.com/jdidion/tree-sitter-wdl	2023-07-30	3e90feaf59830d1e44017c729b4d5b354071ddc8	no	.	14	yes	yes	cc
wgsl	https://github.com/mehmetoguzderin/tree-sitter-wgsl	2022-06-14	27ae4db1458d5ea7555300c9e93c6273723d420c	no	.	13	yes	yes	c
wgsl	https://github.com/szebniok/tree-sitter-wgsl	2023-01-09	40259f3c77ea856841a4e0c4c807705f3e4a2b65	no	.	13	yes	yes	c
wgsl_bevy	https://github.com/theHamsta/tree-sitter-wgsl-bevy	2024-06-22	47c1818d245a6156a488c4c4d06e9336714bae9b	no	.	14	yes	yes	c
wing	https://github.com/winglang/tree-sitter-wing	2024-09-03	76e0c25844a66ebc6e866d690fcc5f4e90698947	no	.	14	yes	yes	c
wing	https://github.com/winglang/wing	2025-02-03	43ec45981cbb3f08b19d882e86f068e7eebc6c66	no	./packages/@winglang/tree-sitter-wing	-	no	yes	c
wit	https://github.com/hh9527/tree-sitter-wit	2022-10-31	c917790ab9aec50c5fd664cbfad8dd45110cfff3	no	.	14	yes	no	no
wit	https://github.com/liamwh/tree-sitter-wit	2025-03-26	37bf43c7f11d2b4af7a78d98a19e6d5c2cf04ad2	yes	.	15	yes	yes	no
x86asm	https://github.com/bearcove/tree-sitter-x86asm	2023-10-08	9d028294a5f34188cd2cfcd290a2ec0ad31107e0	no	.	13	yes	yes	no
xcompose	https://github.com/tree-sitter-grammars/tree-sitter-xcompose	2024-06-27	fff3e72242aa110ebba6441946ea4d12d200fa68	no	.	14	yes	yes	no
xml	https://github.com/dorgnarg/tree-sitter-xml	2021-02-14	36dd54f701e3b3e030412a854295af971cf74ad1	no	.	12	yes	yes	no
xml	https://github.com/unhammer/tree-sitter-xml	2021-03-09	3e44adeb6a9a118cebf4f1351b92c0dcc4d237a0	no	.	9	yes	yes	no
xml	https://github.com/panicinc/tree-sitter-xml	2025-04-22	53dfc22f454c18be9f1852b473044346480666be	yes	.	14	yes	yes	c
xml	https://github.com/tree-sitter-grammars/tree-sitter-xml	2025-06-03	87be254e12169240a0e0214dbee5e208df96fa75	yes	./xml	14	yes	yes	c
xquery	https://github.com/grantmacken/tree-sitter-xquery	2023-06-06	85f15e8f6388981678838407c25f9222a7abe14b	no	.	14	yes	yes	no
xresources	https://github.com/ValdezFOmar/tree-sitter-xresources	2025-06-08	45c020e74e924d8e3a0656a0dbe18688c063f5f0	yes	.	15	yes	yes	no
yaml	https://github.com/ikatyang/tree-sitter-yaml	2021-05-11	0e36bed171768908f331ff7dff9d956bae016efb	no	.	13	yes	yes	cc
yaml	https://github.com/tree-sitter-grammars/tree-sitter-yaml	2025-05-28	3431ec21da1dde751bab55520963cf3a4f1121f3	yes	.	14	yes	yes	c
yang	https://github.com/Hubro/tree-sitter-yang	2022-11-21	2c0e6be8dd4dcb961c345fa35c309ad4f5bd3502	no	.	13	yes	yes	no
yuck	https://github.com/Philipp-M/tree-sitter-yuck	2024-05-05	e877f6ade4b77d5ef8787075141053631ba12318	no	.	14	yes	yes	c
zathurarc	https://github.com/Freed-Wu/tree-sitter-zathurarc	2024-08-04	0554b4a5d313244b7fc000cbb41c04afae4f4e31	no	.	14	yes	yes	no
zeek	https://github.com/zeek/tree-sitter-zeek	2025-06-03	6593b646692ea394fef256a7d287fa72c0187a7e	no	.	14	yes	yes	no
zig	https://github.com/ziglibs/tree-sitter-zig	2023-09-27	2866ee6f8b8f67c9b1eca2ca6c88f0a5f1bcc13f	no	.	-	no	no	no
zig	https://github.com/GrayJack/tree-sitter-zig	2024-05-23	8e970cb01c22cf89b8f70231ed4eca8d6fad1d56	no	.	14	yes	yes	no
zig	https://github.com/maxxnino/tree-sitter-zig	2024-10-13	a80a6e9be81b33b182ce6305ae4ea28e29211bd5	no	.	14	yes	yes	no
zig	https://github.com/tree-sitter-grammars/tree-sitter-zig	2024-12-21	b670c8df85a1568f498aa5c8cae42f51a90473c0	yes	.	14	yes	yes	no
ziggy	https://github.com/kristoff-it/ziggy	2025-04-18	fe3bf9389e7ff213cf3548caaf9c6f3d4bb38647	no	./tree-sitter-ziggy	14	yes	yes	no
ziggy_schema	https://github.com/kristoff-it/ziggy	2025-04-18	fe3bf9389e7ff213cf3548caaf9c6f3d4bb38647	no	./tree-sitter-ziggy-schema	13	yes	yes	no
zsh	https://github.com/tree-sitter-grammars/tree-sitter-zsh	2023-08-26	47e2caf4ed7e466f51cfbb13a860a192c300506f	no	.	14	yes	yes	c
